<application>
  <component name="ProjectJdkTable">
    <jdk version="2">
      <name value="Python 2.7 (finance)" />
      <type value="Python SDK" />
      <version value="Python 2.7.15+" />
      <homePath value="$USER_HOME$/venv/finance/local/bin/python" />
      <roots>
        <classPath>
          <root type="composite">
            <root url="file://$USER_HOME$/venv/finance/local/lib/python2.7" type="simple" />
            <root url="file://$USER_HOME$/venv/finance/local/lib/python2.7/lib-dynload" type="simple" />
            <root url="file:///usr/lib/python2.7" type="simple" />
            <root url="file:///usr/lib/python2.7/plat-x86_64-linux-gnu" type="simple" />
            <root url="file:///usr/lib/python2.7/lib-tk" type="simple" />
            <root url="file://$USER_HOME$/venv/finance/local/lib/python2.7/site-packages" type="simple" />
            <root url="file://$USER_HOME$/venv/finance/src/mfpsk" type="simple" />
            <root url="file://$USER_HOME$/venv/finance/src/heka-py" type="simple" />
            <root url="file://$USER_HOME$/.PyCharm2019.3/system/python_stubs/51728226" type="simple" />
            <root url="file://$APPLICATION_HOME_DIR$/plugins/python/helpers/python-skeletons" type="simple" />
            <root url="file://$APPLICATION_HOME_DIR$/plugins/python/helpers/typeshed/stdlib/2" type="simple" />
            <root url="file://$APPLICATION_HOME_DIR$/plugins/python/helpers/typeshed/stdlib/2and3" type="simple" />
            <root url="file://$APPLICATION_HOME_DIR$/plugins/python/helpers/typeshed/third_party/2" type="simple" />
            <root url="file://$APPLICATION_HOME_DIR$/plugins/python/helpers/typeshed/third_party/2and3" type="simple" />
          </root>
        </classPath>
        <sourcePath>
          <root type="composite" />
        </sourcePath>
      </roots>
      <additional ASSOCIATED_PROJECT_PATH="$USER_HOME$/venv/finance" />
    </jdk>
    <jdk version="2">
      <name value="Python 3.6" />
      <type value="Python SDK" />
      <version value="Python 3.6.9" />
      <homePath value="/usr/bin/python3.6" />
      <roots>
        <classPath>
          <root type="composite">
            <root url="file:///usr/lib/python3.6" type="simple" />
            <root url="file:///usr/lib/python3.6/lib-dynload" type="simple" />
            <root url="file:///usr/local/lib/python3.6/dist-packages" type="simple" />
            <root url="jar:///usr/local/lib/python3.6/dist-packages/setuptools-40.8.0-py3.6.egg!/" type="simple" />
            <root url="file:///usr/local/lib/python3.6/dist-packages/pip-19.2.3-py3.6.egg" type="simple" />
            <root url="file:///usr/local/lib/python3.6/dist-packages/virtualenv-16.7.5-py3.6.egg" type="simple" />
            <root url="jar:///usr/local/lib/python3.6/dist-packages/virtualenvwrapper-4.8.4-py3.6.egg!/" type="simple" />
            <root url="file:///usr/local/lib/python3.6/dist-packages/virtualenv_clone-0.5.3-py3.6.egg" type="simple" />
            <root url="file:///usr/local/lib/python3.6/dist-packages/stevedore-1.31.0-py3.6.egg" type="simple" />
            <root url="file:///usr/local/lib/python3.6/dist-packages/pbr-5.4.3-py3.6.egg" type="simple" />
            <root url="file:///usr/local/lib/python3.6/dist-packages/paramiko-2.6.0-py3.6.egg" type="simple" />
            <root url="file:///usr/local/lib/python3.6/dist-packages/cryptography-2.7-py3.6-linux-x86_64.egg" type="simple" />
            <root url="file:///usr/local/lib/python3.6/dist-packages/bcrypt-3.1.7-py3.6-linux-x86_64.egg" type="simple" />
            <root url="file:///usr/local/lib/python3.6/dist-packages/cffi-1.12.3-py3.6-linux-x86_64.egg" type="simple" />
            <root url="file:///usr/local/lib/python3.6/dist-packages/pycparser-2.19-py3.6.egg" type="simple" />
            <root url="file:///usr/local/lib/python3.6/dist-packages/fabric-2.5.0-py3.6.egg" type="simple" />
            <root url="file:///usr/local/lib/python3.6/dist-packages/invoke-1.3.0-py3.6.egg" type="simple" />
            <root url="file:///usr/lib/python3/dist-packages" type="simple" />
            <root url="file://$USER_HOME$/.PyCharm2019.3/system/python_stubs/-1247971763" type="simple" />
            <root url="file://$APPLICATION_HOME_DIR$/plugins/python/helpers/python-skeletons" type="simple" />
            <root url="file://$APPLICATION_HOME_DIR$/plugins/python/helpers/typeshed/stdlib/3" type="simple" />
            <root url="file://$APPLICATION_HOME_DIR$/plugins/python/helpers/typeshed/stdlib/2and3" type="simple" />
            <root url="file://$APPLICATION_HOME_DIR$/plugins/python/helpers/typeshed/third_party/3" type="simple" />
            <root url="file://$APPLICATION_HOME_DIR$/plugins/python/helpers/typeshed/third_party/2and3" type="simple" />
          </root>
        </classPath>
        <sourcePath>
          <root type="composite" />
        </sourcePath>
      </roots>
      <additional />
    </jdk>
    <jdk version="2">
      <name value="Python 3.6 (auth)" />
      <type value="Python SDK" />
      <version value="Python 3.6.8" />
      <homePath value="$USER_HOME$/venv/auth/bin/python3.6" />
      <roots>
        <classPath>
          <root type="composite">
            <root url="file://$USER_HOME$/venv/auth/lib/python3.6" type="simple" />
            <root url="file://$USER_HOME$/venv/auth/lib/python3.6/lib-dynload" type="simple" />
            <root url="file:///usr/lib/python3.6" type="simple" />
            <root url="file://$USER_HOME$/venv/auth/lib/python3.6/site-packages" type="simple" />
            <root url="file://$USER_HOME$/.PyCharm2019.3/system/python_stubs/1321524533" type="simple" />
            <root url="file://$APPLICATION_HOME_DIR$/plugins/python/helpers/python-skeletons" type="simple" />
            <root url="file://$APPLICATION_HOME_DIR$/plugins/python/helpers/typeshed/stdlib/3" type="simple" />
            <root url="file://$APPLICATION_HOME_DIR$/plugins/python/helpers/typeshed/stdlib/2and3" type="simple" />
            <root url="file://$APPLICATION_HOME_DIR$/plugins/python/helpers/typeshed/third_party/3" type="simple" />
            <root url="file://$APPLICATION_HOME_DIR$/plugins/python/helpers/typeshed/third_party/2and3" type="simple" />
          </root>
        </classPath>
        <sourcePath>
          <root type="composite" />
        </sourcePath>
      </roots>
      <additional ASSOCIATED_PROJECT_PATH="$USER_HOME$/PycharmProjects/finance" />
    </jdk>
    <jdk version="2">
      <name value="Python 2.7 (finance) (2)" />
      <type value="Python SDK" />
      <version value="Python 2.7.15+" />
      <homePath value="$USER_HOME$/venv/finance/bin/python2.7" />
      <roots>
        <classPath>
          <root type="composite">
            <root url="file://$USER_HOME$/venv/finance/lib/python2.7" type="simple" />
            <root url="file://$USER_HOME$/venv/finance/lib/python2.7/lib-dynload" type="simple" />
            <root url="file:///usr/lib/python2.7" type="simple" />
            <root url="file:///usr/lib/python2.7/plat-x86_64-linux-gnu" type="simple" />
            <root url="file:///usr/lib/python2.7/lib-tk" type="simple" />
            <root url="file://$USER_HOME$/venv/finance/local/lib/python2.7/site-packages" type="simple" />
            <root url="file://$USER_HOME$/venv/finance/lib/python2.7/site-packages" type="simple" />
            <root url="file://$USER_HOME$/.PyCharmCE2019.2/system/python_stubs/-1138370819" type="simple" />
            <root url="file://$APPLICATION_HOME_DIR$/helpers/python-skeletons" type="simple" />
            <root url="file://$APPLICATION_HOME_DIR$/helpers/typeshed/stdlib/2" type="simple" />
            <root url="file://$APPLICATION_HOME_DIR$/helpers/typeshed/stdlib/2and3" type="simple" />
            <root url="file://$APPLICATION_HOME_DIR$/helpers/typeshed/third_party/2" type="simple" />
            <root url="file://$APPLICATION_HOME_DIR$/helpers/typeshed/third_party/2and3" type="simple" />
          </root>
        </classPath>
        <sourcePath>
          <root type="composite" />
        </sourcePath>
      </roots>
      <additional ASSOCIATED_PROJECT_PATH="$USER_HOME$/PycharmProjects/finance" />
    </jdk>
    <jdk version="2">
      <name value="Python 2.7 (untitled)" />
      <type value="Python SDK" />
      <version value="Python 2.7.17" />
      <homePath value="$USER_HOME$/PycharmProjects/untitled/venv/bin/python" />
      <roots>
        <classPath>
          <root type="composite">
            <root url="file://$USER_HOME$/PycharmProjects/untitled/venv/lib/python2.7" type="simple" />
            <root url="file://$USER_HOME$/PycharmProjects/untitled/venv/lib/python2.7/lib-dynload" type="simple" />
            <root url="file:///usr/lib/python2.7" type="simple" />
            <root url="file:///usr/lib/python2.7/plat-x86_64-linux-gnu" type="simple" />
            <root url="file:///usr/lib/python2.7/lib-tk" type="simple" />
            <root url="file://$USER_HOME$/PycharmProjects/untitled/venv/local/lib/python2.7/site-packages" type="simple" />
            <root url="file://$USER_HOME$/PycharmProjects/untitled/venv/lib/python2.7/site-packages" type="simple" />
            <root url="file://$USER_HOME$/.PyCharm2019.3/system/python_stubs/-1858672948" type="simple" />
            <root url="file://$APPLICATION_HOME_DIR$/plugins/python/helpers/python-skeletons" type="simple" />
            <root url="file://$APPLICATION_HOME_DIR$/plugins/python/helpers/typeshed/stdlib/2" type="simple" />
            <root url="file://$APPLICATION_HOME_DIR$/plugins/python/helpers/typeshed/stdlib/2and3" type="simple" />
            <root url="file://$APPLICATION_HOME_DIR$/plugins/python/helpers/typeshed/third_party/2" type="simple" />
            <root url="file://$APPLICATION_HOME_DIR$/plugins/python/helpers/typeshed/third_party/2and3" type="simple" />
          </root>
        </classPath>
        <sourcePath>
          <root type="composite" />
        </sourcePath>
      </roots>
      <additional ASSOCIATED_PROJECT_PATH="$USER_HOME$/PycharmProjects/untitled" />
    </jdk>
    <jdk version="2">
      <name value="Python 3.6 (auth) (2)" />
      <type value="Python SDK" />
      <version value="Python 3.6.8" />
      <homePath value="$USER_HOME$/venv/auth/bin/python3.6" />
      <roots>
        <classPath>
          <root type="composite">
            <root url="file://$USER_HOME$/venv/auth/lib/python3.6" type="simple" />
            <root url="file://$USER_HOME$/venv/auth/lib/python3.6/lib-dynload" type="simple" />
            <root url="file:///usr/lib/python3.6" type="simple" />
            <root url="file://$USER_HOME$/venv/auth/lib/python3.6/site-packages" type="simple" />
            <root url="file://$USER_HOME$/.PyCharm2019.3/system/python_stubs/1321524533" type="simple" />
            <root url="file://$APPLICATION_HOME_DIR$/plugins/python/helpers/python-skeletons" type="simple" />
            <root url="file://$APPLICATION_HOME_DIR$/plugins/python/helpers/typeshed/stdlib/3" type="simple" />
            <root url="file://$APPLICATION_HOME_DIR$/plugins/python/helpers/typeshed/stdlib/2and3" type="simple" />
            <root url="file://$APPLICATION_HOME_DIR$/plugins/python/helpers/typeshed/third_party/3" type="simple" />
            <root url="file://$APPLICATION_HOME_DIR$/plugins/python/helpers/typeshed/third_party/2and3" type="simple" />
          </root>
        </classPath>
        <sourcePath>
          <root type="composite" />
        </sourcePath>
      </roots>
      <additional ASSOCIATED_PROJECT_PATH="$USER_HOME$/PycharmProjects/Online" />
    </jdk>
    <jdk version="2">
      <name value="Python 3.8 (online)" />
      <type value="Python SDK" />
      <version value="Python 3.8.1" />
      <homePath value="$USER_HOME$/venv/online/bin/python3.8" />
      <roots>
        <classPath>
          <root type="composite">
            <root url="file://$USER_HOME$/venv/online/lib/python3.8" type="simple" />
            <root url="file://$USER_HOME$/venv/online/lib/python3.8/lib-dynload" type="simple" />
            <root url="file:///usr/lib/python3.8" type="simple" />
            <root url="file://$USER_HOME$/venv/online/lib/python3.8/site-packages" type="simple" />
            <root url="file://$USER_HOME$/.PyCharm2019.3/system/python_stubs/-1406377630" type="simple" />
            <root url="file://$APPLICATION_HOME_DIR$/plugins/python/helpers/python-skeletons" type="simple" />
            <root url="file://$APPLICATION_HOME_DIR$/plugins/python/helpers/typeshed/stdlib/3" type="simple" />
            <root url="file://$APPLICATION_HOME_DIR$/plugins/python/helpers/typeshed/stdlib/2and3" type="simple" />
            <root url="file://$APPLICATION_HOME_DIR$/plugins/python/helpers/typeshed/third_party/3" type="simple" />
            <root url="file://$APPLICATION_HOME_DIR$/plugins/python/helpers/typeshed/third_party/2and3" type="simple" />
          </root>
        </classPath>
        <sourcePath>
          <root type="composite" />
        </sourcePath>
      </roots>
      <additional ASSOCIATED_PROJECT_PATH="$USER_HOME$/PycharmProjects/Online" />
    </jdk>
  </component>
</application>