<application>
  <component name="ProjectJdkTable">
    <jdk version="2">
      <name value="Python 3.6" />
      <type value="Python SDK" />
      <version value="Python 3.6.9" />
      <homePath value="/usr/bin/python3.6" />
      <roots>
        <classPath>
          <root type="composite">
            <root url="file:///usr/lib/python3.6" type="simple" />
            <root url="file:///usr/lib/python3.6/lib-dynload" type="simple" />
            <root url="file:///usr/local/lib/python3.6/dist-packages" type="simple" />
            <root url="file:///usr/lib/python3/dist-packages" type="simple" />
            <root url="file://$USER_HOME$/.cache/JetBrains/PyCharm2020.1/python_stubs/-1247971763" type="simple" />
            <root url="file://$APPLICATION_HOME_DIR$/plugins/python/helpers/python-skeletons" type="simple" />
            <root url="file://$APPLICATION_HOME_DIR$/plugins/python/helpers/typeshed/stdlib/3" type="simple" />
            <root url="file://$APPLICATION_HOME_DIR$/plugins/python/helpers/typeshed/stdlib/2and3" type="simple" />
            <root url="file://$APPLICATION_HOME_DIR$/plugins/python/helpers/typeshed/third_party/3" type="simple" />
            <root url="file://$APPLICATION_HOME_DIR$/plugins/python/helpers/typeshed/third_party/2and3" type="simple" />
          </root>
        </classPath>
        <sourcePath>
          <root type="composite" />
        </sourcePath>
      </roots>
      <additional />
    </jdk>
    <jdk version="2">
      <name value="Python 2.7 (finance) " />
      <type value="Python SDK" />
      <version value="Python 2.7.17" />
      <homePath value="$USER_HOME$/venv/finance/bin/python2.7" />
      <roots>
        <classPath>
          <root type="composite">
            <root url="file:///usr/lib/python2.7" type="simple" />
            <root url="file:///usr/lib/python2.7/plat-x86_64-linux-gnu" type="simple" />
            <root url="file:///usr/lib/python2.7/lib-tk" type="simple" />
            <root url="file:///usr/lib/python2.7/lib-dynload" type="simple" />
            <root url="file://$USER_HOME$/venv/finance/lib/python2.7/site-packages" type="simple" />
            <root url="file://$USER_HOME$/venv/finance/lib/python2.7/site-packages/virtualenv-20.0.13-py2.7.egg" type="simple" />
            <root url="file://$USER_HOME$/venv/finance/lib/python2.7/site-packages/importlib_resources-1.4.0-py2.7.egg" type="simple" />
            <root url="file://$USER_HOME$/venv/finance/lib/python2.7/site-packages/importlib_metadata-1.5.0-py2.7.egg" type="simple" />
            <root url="jar://$USER_HOME$/venv/finance/lib/python2.7/site-packages/filelock-3.0.12-py2.7.egg!/" type="simple" />
            <root url="file://$USER_HOME$/venv/finance/lib/python2.7/site-packages/distlib-0.3.0-py2.7.egg" type="simple" />
            <root url="file://$USER_HOME$/venv/finance/lib/python2.7/site-packages/appdirs-1.4.3-py2.7.egg" type="simple" />
            <root url="jar://$USER_HOME$/venv/finance/lib/python2.7/site-packages/zipp-3.1.0-py2.7.egg!/" type="simple" />
            <root url="file://$USER_HOME$/venv/finance/lib/python2.7/site-packages/singledispatch-3.4.0.3-py2.7.egg" type="simple" />
            <root url="file://$USER_HOME$/venv/finance/lib/python2.7/site-packages/configparser-4.0.2-py2.7.egg" type="simple" />
            <root url="jar://$USER_HOME$/venv/finance/lib/python2.7/site-packages/virtualenvwrapper-4.8.4-py2.7.egg!/" type="simple" />
            <root url="file://$USER_HOME$/venv/finance/lib/python2.7/site-packages/stevedore-1.32.0-py2.7.egg" type="simple" />
            <root url="file://$USER_HOME$/venv/finance/lib/python2.7/site-packages/virtualenv_clone-0.5.3-py2.7.egg" type="simple" />
            <root url="file://$USER_HOME$/venv/finance/lib/python2.7/site-packages/pbr-5.4.4-py2.7.egg" type="simple" />
            <root url="file://$USER_HOME$/venv/finance/lib/python2.7/site-packages/PyNaCl-1.3.0-py2.7-linux-x86_64.egg" type="simple" />
            <root url="file://$USER_HOME$/venv/finance/lib/python2.7/site-packages/bcrypt-3.1.7-py2.7-linux-x86_64.egg" type="simple" />
            <root url="file://$USER_HOME$/venv/finance/src/heka-py" type="simple" />
            <root url="file://$USER_HOME$/venv/finance/src/mfpsk" type="simple" />
            <root url="file://$USER_HOME$/.cache/JetBrains/PyCharm2020.1/python_stubs/-1138370819" type="simple" />
            <root url="file://$APPLICATION_HOME_DIR$/plugins/python/helpers/python-skeletons" type="simple" />
            <root url="file://$APPLICATION_HOME_DIR$/plugins/python/helpers/typeshed/stdlib/2" type="simple" />
            <root url="file://$APPLICATION_HOME_DIR$/plugins/python/helpers/typeshed/stdlib/2and3" type="simple" />
            <root url="file://$APPLICATION_HOME_DIR$/plugins/python/helpers/typeshed/third_party/2" type="simple" />
            <root url="file://$APPLICATION_HOME_DIR$/plugins/python/helpers/typeshed/third_party/2and3" type="simple" />
          </root>
        </classPath>
        <sourcePath>
          <root type="composite" />
        </sourcePath>
      </roots>
      <additional ASSOCIATED_PROJECT_PATH="$USER_HOME$/PycharmProjects/finance" />
    </jdk>
    <jdk version="2">
      <name value="Python 3.6 (releaseapp)" />
      <type value="Python SDK" />
      <version value="Python 3.6.9" />
      <homePath value="$USER_HOME$/PycharmProjects/releaseapp/venv/bin/python" />
      <roots>
        <classPath>
          <root type="composite">
            <root url="file:///usr/lib/python3.6" type="simple" />
            <root url="file:///usr/lib/python3.6/lib-dynload" type="simple" />
            <root url="file://$USER_HOME$/PycharmProjects/releaseapp/venv/lib/python3.6/site-packages" type="simple" />
            <root url="jar://$USER_HOME$/PycharmProjects/releaseapp/venv/lib/python3.6/site-packages/setuptools-40.8.0-py3.6.egg!/" type="simple" />
            <root url="file://$USER_HOME$/PycharmProjects/releaseapp/venv/lib/python3.6/site-packages/pip-19.0.3-py3.6.egg" type="simple" />
            <root url="file://$USER_HOME$/.PyCharm2019.3/system/python_stubs/836941345" type="simple" />
            <root url="file://$APPLICATION_HOME_DIR$/plugins/python/helpers/python-skeletons" type="simple" />
            <root url="file://$APPLICATION_HOME_DIR$/plugins/python/helpers/typeshed/stdlib/3" type="simple" />
            <root url="file://$APPLICATION_HOME_DIR$/plugins/python/helpers/typeshed/stdlib/2and3" type="simple" />
            <root url="file://$APPLICATION_HOME_DIR$/plugins/python/helpers/typeshed/third_party/3" type="simple" />
            <root url="file://$APPLICATION_HOME_DIR$/plugins/python/helpers/typeshed/third_party/2and3" type="simple" />
          </root>
        </classPath>
        <sourcePath>
          <root type="composite" />
        </sourcePath>
      </roots>
      <additional ASSOCIATED_PROJECT_PATH="$USER_HOME$/PycharmProjects/releaseapp" />
    </jdk>
    <jdk version="2">
      <name value="Python 3.6 (online)" />
      <type value="Python SDK" />
      <version value="Python 3.6.9" />
      <homePath value="$USER_HOME$/venv/online/bin/python3.6" />
      <roots>
        <classPath>
          <root type="composite">
            <root url="file:///usr/lib/python3.6" type="simple" />
            <root url="file:///usr/lib/python3.6/lib-dynload" type="simple" />
            <root url="file://$USER_HOME$/venv/online/lib/python3.6/site-packages" type="simple" />
            <root url="file://$USER_HOME$/.cache/JetBrains/PyCharm2020.1/python_stubs/-1406377632" type="simple" />
            <root url="file://$APPLICATION_HOME_DIR$/plugins/python/helpers/python-skeletons" type="simple" />
            <root url="file://$APPLICATION_HOME_DIR$/plugins/python/helpers/typeshed/stdlib/3" type="simple" />
            <root url="file://$APPLICATION_HOME_DIR$/plugins/python/helpers/typeshed/stdlib/2and3" type="simple" />
            <root url="file://$APPLICATION_HOME_DIR$/plugins/python/helpers/typeshed/third_party/3" type="simple" />
            <root url="file://$APPLICATION_HOME_DIR$/plugins/python/helpers/typeshed/third_party/2and3" type="simple" />
          </root>
        </classPath>
        <sourcePath>
          <root type="composite" />
        </sourcePath>
      </roots>
      <additional ASSOCIATED_PROJECT_PATH="$USER_HOME$/PycharmProjects/backend/online" />
    </jdk>
  </component>
</application>