<application>
  <component name="VimEditorSettings">
    <editor />
  </component>
  <component name="VimHistorySettings">
    <history>
      <history-search>
        <entry>loan_statuses</entry>
        <entry>test</entry>
      </history-search>
      <history-cmd />
      <history-expr />
      <history-input />
    </history>
  </component>
  <component name="VimKeySettings">
    <shortcut-conflicts>
      <shortcut-conflict owner="vim">
        <text>ctrl pressed C</text>
      </shortcut-conflict>
      <shortcut-conflict owner="vim">
        <text>ctrl pressed V</text>
      </shortcut-conflict>
      <shortcut-conflict owner="vim">
        <text>ctrl pressed F</text>
      </shortcut-conflict>
      <shortcut-conflict owner="vim">
        <text>ctrl pressed B</text>
      </shortcut-conflict>
      <shortcut-conflict owner="vim">
        <text>ctrl pressed OPEN_BRACKET</text>
      </shortcut-conflict>
      <shortcut-conflict owner="vim">
        <text>ctrl pressed CLOSE_BRACKET</text>
      </shortcut-conflict>
      <shortcut-conflict owner="vim">
        <text>ctrl pressed O</text>
      </shortcut-conflict>
      <shortcut-conflict owner="vim">
        <text>ctrl pressed I</text>
      </shortcut-conflict>
    </shortcut-conflicts>
  </component>
  <component name="VimMarksSettings">
    <globalmarks />
    <filemarks>
      <file name="$USER_HOME$/PycharmProjects/finance_/finance/apps/main/reports/pts_curators_report.py" timestamp="1590566969486">
        <mark key="'" line="11" column="8" />
        <mark key="[" line="10" column="25" />
        <mark key="]" line="10" column="22" />
        <mark key="^" line="10" column="22" />
        <mark key="." line="10" column="21" />
      </file>
      <file name="$USER_HOME$/PycharmProjects/finance_/finance/apps/api/views.py" timestamp="1590567156345">
        <mark key="'" line="7153" column="25" />
        <mark key="[" line="7114" column="1" />
        <mark key="]" line="7115" column="0" />
        <mark key="^" line="7115" column="0" />
        <mark key="." line="7115" column="0" />
      </file>
      <file name="/Python Console" timestamp="1590500478719">
        <mark key="[" line="0" column="0" />
      </file>
      <file name="$USER_HOME$/PycharmProjects/finance_/finance/settings/local_settings.py" timestamp="1590570766134">
        <mark key="'" line="71" column="0" />
      </file>
      <file name="$USER_HOME$/PycharmProjects/finance_/finance/apps/main/reports/seb_users_check_loans_report.py" timestamp="1590565395205">
        <mark key="[" line="49" column="71" />
        <mark key="]" line="48" column="25" />
        <mark key="." line="48" column="24" />
        <mark key="^" line="48" column="25" />
      </file>
    </filemarks>
    <jumps>
      <jump line="72" column="18" filename="$USER_HOME$/PycharmProjects/finance_/finance/apps/main/reports/seb_users_check_loans_report.py" />
      <jump line="50" column="7" filename="$USER_HOME$/PycharmProjects/finance_/finance/apps/main/reports/seb_users_check_loans_report.py" />
      <jump line="7152" column="25" filename="$USER_HOME$/PycharmProjects/finance_/finance/apps/api/views.py" />
      <jump line="11" column="8" filename="$USER_HOME$/PycharmProjects/finance_/finance/apps/main/reports/pts_curators_report.py" />
      <jump line="71" column="0" filename="$USER_HOME$/PycharmProjects/finance_/finance/settings/local_settings.py" />
    </jumps>
  </component>
  <component name="VimRegisterSettings">
    <registers>
      <register name="1" type="2">
        <text encoding="base64">ICAgICAgICAgICAgZGF0ZV9yZXF1ZXN0X3N0YXJ0PU5vbmUsIGRhdGVfcmVxdWVzdF9lbmQ9Tm9uZSwgZGF0ZV9pc3N1ZWRfc3RhcnQ9Tm9uZSwK</text>
      </register>
      <register name="&quot;" type="2">
        <text encoding="base64">ICAgICAgICAgICAgZGF0ZV9yZXF1ZXN0X3N0YXJ0PU5vbmUsIGRhdGVfcmVxdWVzdF9lbmQ9Tm9uZSwgZGF0ZV9pc3N1ZWRfc3RhcnQ9Tm9uZSwK</text>
      </register>
      <register name="2" type="2">
        <text encoding="base64">ICAgICAgICBlbHNlOgo=</text>
      </register>
      <register name="3" type="2">
        <text encoding="base64">ICAgICAgICAgICAgc2VsZi5jYW5jZXNfcmVhc29uID0gdHVwbGUoW2ludCh4KSBmb3IgeCBpbiBMb2FuLkNBTkNFTF9SRUFTT05TWzBdXSkK</text>
      </register>
      <register name="-" type="4">
        <text>l</text>
      </register>
      <register name="/" type="4">
        <text>test</text>
      </register>
    </registers>
  </component>
  <component name="VimSearchSettings">
    <search>
      <last-search>test</last-search>
      <last-offset />
      <last-pattern>test</last-pattern>
      <last-dir>1</last-dir>
      <show-last>false</show-last>
    </search>
  </component>
  <component name="VimSettings">
    <state version="6" enabled="false" />
    <notifications>
      <idea-join enabled="false" />
      <idea-put enabled="false" />
    </notifications>
  </component>
</application>